SET FOREIGN_KEY_CHECKS=0;

DROP TABLE IF EXISTS `role`;
CREATE TABLE `role` (
  `id` int(11) NOT NULL AUTO_INCREMENT,
  `name` varchar(200) NOT NULL COMMENT '角色名称',
  `pid` int(11) NOT NULL COMMENT '父角色id',
  `sort` int(11) DEFAULT NULL COMMENT '排序',
  `status` int(11) DEFAULT NULL COMMENT '状态',
  PRIMARY KEY (`id`)
) ENGINE=InnoDB AUTO_INCREMENT=19 DEFAULT CHARSET=utf8 COMMENT='角色表';

INSERT INTO `role` VALUES ('1', '工程师', '14', '1', '1');
INSERT INTO `role` VALUES ('2', '市场部', '0', '3', '1');
INSERT INTO `role` VALUES ('3', '商品部', '0', '9', '1');
INSERT INTO `role` VALUES ('4', '京办', '0', '13', '1');
INSERT INTO `role` VALUES ('5', '管理员', '1', '2', '1');
INSERT INTO `role` VALUES ('6', '市场总监', '2', '4', '1');
INSERT INTO `role` VALUES ('7', '高级经理', '3', '10', '1');
INSERT INTO `role` VALUES ('8', '电商运营经理', '6', '5', '1');
INSERT INTO `role` VALUES ('9', '品牌运营', '6', '6', '1');
INSERT INTO `role` VALUES ('10', '用户运营', '6', '7', '1');
INSERT INTO `role` VALUES ('11', 'APP平台运营', '6', '8', '1');
INSERT INTO `role` VALUES ('12', '审核专员', '7', '11', '1');
INSERT INTO `role` VALUES ('13', '文案专员', '7', '12', '1');
INSERT INTO `role` VALUES ('14', '开发部', '0', '0', '1');
INSERT INTO `role` VALUES ('15', '财务', '4', '0', '1');
INSERT INTO `role` VALUES ('16', 'UI设计师', '6', '0', '1');
INSERT INTO `role` VALUES ('17', '运营专员', '7', '0', '1');
INSERT INTO `role` VALUES ('18', '拓展专员', '7', '0', '1');

SET FOREIGN_KEY_CHECKS=0;

DROP TABLE IF EXISTS `node`;
CREATE TABLE `node` (
  `id` int(11) NOT NULL AUTO_INCREMENT,
  `name` varchar(200) NOT NULL COMMENT '节点名称',
  `con` varchar(50) DEFAULT NULL COMMENT '控制器名称',
  `act` varchar(50) DEFAULT NULL COMMENT '方法名称',
  `pid` int(11) NOT NULL COMMENT '父菜单id',
  `sort` int(11) DEFAULT NULL COMMENT '排序',
  `level` int(11) DEFAULT NULL COMMENT '等级',
  `isMenu` int(11) DEFAULT NULL COMMENT '是否为菜单：1是，0否',
  `status` int(11) DEFAULT NULL COMMENT '状态:1启用，0禁用',
  PRIMARY KEY (`id`)
) ENGINE=InnoDB AUTO_INCREMENT=234 DEFAULT CHARSET=utf8 COMMENT='节点表';

INSERT INTO `node` VALUES ('1', '采购管理', 'module', 'gongxiao', '0', '1', '1', '1', '1');
INSERT INTO `node` VALUES ('2', '销售管理', 'module', 'pingtai', '0', '2', '1', '1', '1');
INSERT INTO `node` VALUES ('3', '审核管理', 'module', 'shenhe', '0', '3', '1', '1', '1');
INSERT INTO `node` VALUES ('5', '财务管理', 'module', 'caiwu', '0', '5', '1', '1', '1');
INSERT INTO `node` VALUES ('6', '系统管理', 'module', 'xitong', '0', '6', '1', '1', '1');
INSERT INTO `node` VALUES ('7', '供应商管理', 'supplier', 'index', '1', '0', '2', '1', '1');
INSERT INTO `node` VALUES ('8', '店铺管理', 'shop', 'index', '1', '1', '2', '1', '1');
INSERT INTO `node` VALUES ('9', '分销商管理', 'distributor', 'index', '2', '0', '2', '1', '1');
INSERT INTO `node` VALUES ('10', '类目管理', 'category', 'index', '10', '1', '3', '1', '1');
INSERT INTO `node` VALUES ('11', '商品管理', 'goods', 'index', '1', '5', '2', '1', '1');
INSERT INTO `node` VALUES ('12', '产品开发', 'shopmarket', 'index', '13', '3', '3', '1', '1');
INSERT INTO `node` VALUES ('13', '商品选货', 'platf', 'index', '2', '2', '2', '1', '1');
INSERT INTO `node` VALUES ('14', '渠道商品', 'push', 'index', '2', '3', '2', '1', '1');
INSERT INTO `node` VALUES ('15', '任务中心', 'checkone', 'index', '3', '1', '2', '1', '1');
INSERT INTO `node` VALUES ('16', '审核中心', 'checktwo', 'index', '3', '2', '2', '1', '1');
INSERT INTO `node` VALUES ('17', '推送审核', 'checkpush', 'index', '3', '3', '2', '1', '1');
INSERT INTO `node` VALUES ('18', '订单管理', 'order', 'index', '2', '4', '2', '1', '1');
INSERT INTO `node` VALUES ('19', '发货管理', 'deliver', 'index', '1', '6', '2', '1', '1');
INSERT INTO `node` VALUES ('20', '结算申请', 'account', 'index', '5', '1', '2', '1', '1');
INSERT INTO `node` VALUES ('21', '财务审核', 'audit', 'index', '5', '2', '2', '1', '1');
INSERT INTO `node` VALUES ('22', '日销售额报表', 'report', 'index', '197', '1', '2', '1', '1');
INSERT INTO `node` VALUES ('23', '角色管理', 'role', 'index', '6', '1', '2', '1', '1');
INSERT INTO `node` VALUES ('24', '员工管理', 'admin', 'index', '6', '2', '2', '1', '1');
INSERT INTO `node` VALUES ('25', '节点管理', 'node', 'index', '6', '3', '2', '1', '1');
INSERT INTO `node` VALUES ('26', '操作日志', 'blog', 'index', '6', '4', '2', '1', '1');
INSERT INTO `node` VALUES ('27', '版本管理', 'version', 'index', '6', '5', '2', '1', '1');
INSERT INTO `node` VALUES ('28', '供应商列表', 'supplier', 'index', '7', '1', '3', '0', '1');
INSERT INTO `node` VALUES ('29', '编辑供应商', 'supplier', 'edit', '7', '2', '3', '0', '1');
INSERT INTO `node` VALUES ('30', '查看供应商', 'supplier', 'view', '7', '3', '3', '0', '1');
INSERT INTO `node` VALUES ('31', '激活供应商', 'supplier', 'enable', '7', '4', '3', '0', '1');
INSERT INTO `node` VALUES ('32', '禁用供应商', 'supplier', 'disable', '7', '5', '3', '0', '1');
INSERT INTO `node` VALUES ('33', '添加供应商', 'supplier', 'add', '7', '6', '3', '0', '1');
INSERT INTO `node` VALUES ('34', '店铺列表', 'shop', 'index', '8', '1', '3', '0', '1');
INSERT INTO `node` VALUES ('35', '编辑店铺', 'shop', 'edit', '8', '2', '3', '0', '1');
INSERT INTO `node` VALUES ('36', '禁用店铺', 'shop', 'disable', '8', '3', '3', '0', '1');
INSERT INTO `node` VALUES ('37', '开启店铺', 'shop', 'enable', '8', '4', '3', '0', '1');
INSERT INTO `node` VALUES ('38', '获取店铺城市', 'shop', 'city', '8', '5', '3', '0', '1');
INSERT INTO `node` VALUES ('39', '获取店铺地区', 'shop', 'area', '8', '6', '3', '0', '1');
INSERT INTO `node` VALUES ('40', '获取店铺每日新增商品数', 'shop', 'numday', '8', '7', '3', '0', '1');
INSERT INTO `node` VALUES ('41', '上传店铺头像', 'shop', 'uploadheadimg', '8', '8', '3', '0', '1');
INSERT INTO `node` VALUES ('42', '添加店铺', 'shop', 'add', '8', '9', '3', '0', '1');
INSERT INTO `node` VALUES ('43', '分销商列表', 'distributor', 'index', '9', '1', '3', '0', '1');
INSERT INTO `node` VALUES ('44', '编辑分销商', 'distributor', 'edit', '9', '2', '3', '0', '1');
INSERT INTO `node` VALUES ('45', '删除分销商', 'distributor', 'del', '9', '3', '3', '0', '1');
INSERT INTO `node` VALUES ('46', '启用分销商', 'distributor', 'open', '9', '4', '3', '0', '1');
INSERT INTO `node` VALUES ('47', '添加分销商', 'distributor', 'add', '9', '5', '3', '0', '1');
INSERT INTO `node` VALUES ('48', '类目列表', 'category', 'index', '10', '1', '3', '0', '1');
INSERT INTO `node` VALUES ('49', '编辑类目', 'category', 'edit', '10', '2', '3', '0', '1');
INSERT INTO `node` VALUES ('50', '删除类目', 'category', 'delCat', '10', '3', '3', '0', '1');
INSERT INTO `node` VALUES ('51', '获取类目详情', 'category', 'getInfoById', '10', '4', '3', '0', '1');
INSERT INTO `node` VALUES ('52', '获取类目参数', 'category', 'getAttrByCatId', '10', '5', '3', '0', '1');
INSERT INTO `node` VALUES ('53', '添加类目', 'category', 'add', '10', '6', '3', '0', '1');
INSERT INTO `node` VALUES ('54', '商家商品列表', 'goods', 'index', '11', '1', '3', '0', '1');
INSERT INTO `node` VALUES ('55', '编辑商品', 'goods', 'edit', '11', '2', '3', '0', '1');
INSERT INTO `node` VALUES ('56', '停售商品', 'goods', 'pause', '11', '3', '3', '0', '1');
INSERT INTO `node` VALUES ('57', '上架商品', 'goods', 'restore', '11', '4', '3', '0', '1');
INSERT INTO `node` VALUES ('58', '售出商品', 'goods', 'delStock', '11', '5', '3', '0', '1');
INSERT INTO `node` VALUES ('59', '补货商品', 'goods', 'addStock', '11', '6', '3', '0', '1');
INSERT INTO `node` VALUES ('60', '获取类目', 'goods', 'category', '11', '7', '3', '0', '1');
INSERT INTO `node` VALUES ('61', '改变商品状态', 'goods', 'change', '11', '8', '3', '0', '1');
INSERT INTO `node` VALUES ('62', '下架商品', 'goods', 'downGoods', '11', '9', '3', '0', '1');
INSERT INTO `node` VALUES ('63', '删除商品', 'goods', 'delGoods', '11', '10', '3', '0', '1');
INSERT INTO `node` VALUES ('64', '删除商品照片', 'goods', 'delOldImg', '11', '11', '3', '0', '1');
INSERT INTO `node` VALUES ('65', '申请分销', 'goods', 'apply', '11', '12', '3', '0', '1');
INSERT INTO `node` VALUES ('66', '获取商品参数', 'goods', 'getPara', '11', '13', '3', '0', '1');
INSERT INTO `node` VALUES ('67', '获取商品价格', 'goods', 'setprice', '11', '14', '3', '0', '1');
INSERT INTO `node` VALUES ('68', '获取商品数目', 'goods', 'expcount', '11', '15', '3', '0', '1');
INSERT INTO `node` VALUES ('69', '导出商品带图片', 'goods', 'exportgImg', '11', '16', '3', '0', '1');
INSERT INTO `node` VALUES ('70', '导出商品无图片', 'goods', 'exportg', '11', '17', '3', '0', '1');
INSERT INTO `node` VALUES ('71', '导出所有商品', 'goods', 'exportallgoods', '11', '18', '3', '0', '1');
INSERT INTO `node` VALUES ('72', '删除已售出的推送商品', 'goods', 'delSellGoods', '11', '19', '3', '0', '1');
INSERT INTO `node` VALUES ('73', '平台商品进审核', 'goods', 'goodsToCheck', '11', '20', '3', '0', '1');
INSERT INTO `node` VALUES ('74', '添加商品', 'goods', 'add', '11', '21', '3', '0', '1');
INSERT INTO `node` VALUES ('75', '产品开发商品列表', 'shopmarket', 'index', '13', '0', '3', '0', '1');
INSERT INTO `node` VALUES ('76', '批量推送商品', 'shopmarket', 'batchPush', '13', '2', '3', '0', '1');
INSERT INTO `node` VALUES ('77', '导出商品', 'shopmarket', 'export', '13', '3', '3', '0', '1');
INSERT INTO `node` VALUES ('78', '编辑商品', 'shopmarket', 'edit', '13', '4', '3', '0', '1');
INSERT INTO `node` VALUES ('79', '推送商品', 'shopmarket', 'pushGoods', '13', '5', '3', '0', '1');
INSERT INTO `node` VALUES ('80', '正常销售商品列表', 'platf', 'index', '13', '1', '3', '0', '1');
INSERT INTO `node` VALUES ('81', '编辑商品', 'platf', 'edit', '13', '2', '3', '0', '1');
INSERT INTO `node` VALUES ('82', '获取商品类目', 'platf', 'category', '13', '3', '3', '0', '1');
INSERT INTO `node` VALUES ('83', '改变商品状态', 'platf', 'change', '13', '4', '3', '0', '1');
INSERT INTO `node` VALUES ('84', '上传商品图片', 'platf', 'upfile', '13', '5', '3', '0', '1');
INSERT INTO `node` VALUES ('85', '获取商品参数', 'platf', 'getPara', '13', '6', '3', '0', '1');
INSERT INTO `node` VALUES ('86', '推送商品', 'platf', 'pushGoods', '13', '7', '3', '0', '1');
INSERT INTO `node` VALUES ('87', '上下架', 'platf', 'updateGoods', '13', '8', '3', '0', '1');
INSERT INTO `node` VALUES ('88', '批量推送商品', 'platf', 'batchPush', '13', '9', '3', '0', '1');
INSERT INTO `node` VALUES ('89', '获取商品图片', 'platf', 'getgoodsimgbyid', '13', '10', '3', '0', '1');
INSERT INTO `node` VALUES ('90', '添加商品', 'platf', 'add', '13', '11', '3', '0', '1');
INSERT INTO `node` VALUES ('91', '推送商品列表', 'push', 'index', '14', '1', '3', '0', '1');
INSERT INTO `node` VALUES ('92', '批量移除推送商品', 'push', 'batchDel', '14', '2', '3', '0', '1');
INSERT INTO `node` VALUES ('93', '推送商品', 'push', 'pushGoods', '14', '3', '3', '0', '1');
INSERT INTO `node` VALUES ('94', '预售商品', 'push', 'presell', '14', '4', '3', '0', '1');
INSERT INTO `node` VALUES ('95', '编辑商品', 'push', 'edit', '14', '5', '3', '0', '1');
INSERT INTO `node` VALUES ('96', '下单', 'push', 'addOrder', '14', '6', '3', '0', '1');
INSERT INTO `node` VALUES ('97', '获取支付类型', 'push', 'getPayType', '14', '7', '3', '0', '1');
INSERT INTO `node` VALUES ('98', '获取收款账号', 'push', 'getPayBank', '14', '8', '3', '0', '1');
INSERT INTO `node` VALUES ('99', '获取城市列表', 'push', 'city', '14', '9', '3', '0', '1');
INSERT INTO `node` VALUES ('100', '获取地区列表', 'push', 'area', '14', '10', '3', '0', '1');
INSERT INTO `node` VALUES ('101', '导出数据', 'push', 'export', '14', '11', '3', '0', '1');
INSERT INTO `node` VALUES ('102', '导出数据', 'push', 'exportg', '14', '12', '3', '0', '1');
INSERT INTO `node` VALUES ('103', '上架价格异常商品', 'push', 'upGoods', '14', '13', '3', '0', '1');
INSERT INTO `node` VALUES ('104', '销售计划', 'push', 'sellPlan', '14', '14', '3', '0', '1');
INSERT INTO `node` VALUES ('105', '移除推送商品', 'push', 'del', '14', '15', '3', '0', '1');
INSERT INTO `node` VALUES ('106', '任务中心列表', 'checkone', 'index', '15', '1', '3', '0', '1');
INSERT INTO `node` VALUES ('107', '编辑商品', 'checkone', 'edit', '15', '2', '3', '0', '1');
INSERT INTO `node` VALUES ('108', '获取商品类目', 'checkone', 'category', '15', '3', '3', '0', '1');
INSERT INTO `node` VALUES ('109', '获取商品参数', 'checkone', 'getPara', '15', '4', '3', '0', '1');
INSERT INTO `node` VALUES ('110', '审核', 'checkone', 'check', '15', '5', '3', '0', '1');
INSERT INTO `node` VALUES ('111', '删除审核及商品', 'checkone', 'del', '15', '6', '3', '0', '1');
INSERT INTO `node` VALUES ('112', '添加商品', 'checkone', 'add', '15', '7', '3', '0', '1');
INSERT INTO `node` VALUES ('113', '审核中心列表', 'checktwo', 'index', '16', '1', '3', '0', '1');
INSERT INTO `node` VALUES ('114', '获取描述', 'checktwo', 'getIntro', '16', '2', '3', '0', '1');
INSERT INTO `node` VALUES ('115', '编辑描述', 'checktwo', 'saveIntro', '16', '3', '3', '0', '1');
INSERT INTO `node` VALUES ('116', '审核商品', 'checktwo', 'change', '16', '4', '3', '0', '1');
INSERT INTO `node` VALUES ('117', '批量审核商品', 'checktwo', 'batchChange', '16', '5', '3', '0', '1');
INSERT INTO `node` VALUES ('118', '编辑商品', 'checktwo', 'edit', '16', '6', '3', '0', '1');
INSERT INTO `node` VALUES ('119', '获取商品类目', 'checktwo', 'category', '16', '7', '3', '0', '1');
INSERT INTO `node` VALUES ('120', '获取商品参数', 'checktwo', 'getPara', '16', '8', '3', '0', '1');
INSERT INTO `node` VALUES ('121', '获取商品参数', 'checktwo', 'getCurrentAllAttrs', '16', '9', '3', '0', '1');
INSERT INTO `node` VALUES ('122', '审核商品', 'checktwo', 'check', '16', '10', '3', '0', '1');
INSERT INTO `node` VALUES ('123', '删除审核商品', 'checktwo', 'del', '16', '11', '3', '0', '1');
INSERT INTO `node` VALUES ('124', '编辑商品', 'checktwo', 'singleSave', '16', '12', '3', '0', '1');
INSERT INTO `node` VALUES ('125', '推送审核列表', 'checkpush', 'index', '17', '1', '3', '0', '1');
INSERT INTO `node` VALUES ('126', '获取商品类目', 'checkpush', 'category', '17', '2', '3', '0', '1');
INSERT INTO `node` VALUES ('127', '获取商品参数', 'checkpush', 'getPara', '17', '3', '3', '0', '1');
INSERT INTO `node` VALUES ('128', '审核商品', 'checkpush', 'check', '17', '4', '3', '0', '1');
INSERT INTO `node` VALUES ('129', '编辑商品', 'checkpush', 'edit', '17', '5', '3', '0', '1');
INSERT INTO `node` VALUES ('130', '订单列表', 'order', 'index', '18', '1', '3', '0', '1');
INSERT INTO `node` VALUES ('131', '店铺下的商品列表', 'order', 'getGoods', '18', '2', '3', '0', '1');
INSERT INTO `node` VALUES ('132', '商品详情', 'order', 'getGoodsInfo', '18', '3', '3', '0', '1');
INSERT INTO `node` VALUES ('133', '快递查询', 'order', 'getExpress', '18', '4', '3', '0', '1');
INSERT INTO `node` VALUES ('134', '订单详情', 'order', 'detail', '18', '5', '3', '0', '1');
INSERT INTO `node` VALUES ('135', '发货', 'order', 'deliver', '18', '6', '3', '0', '1');
INSERT INTO `node` VALUES ('136', '编辑订单', 'order', 'edit', '18', '7', '3', '0', '1');
INSERT INTO `node` VALUES ('137', '获取付款类型', 'order', 'getPayType', '18', '8', '3', '0', '1');
INSERT INTO `node` VALUES ('138', '获取收款账号', 'order', 'getPayBank', '18', '9', '3', '0', '1');
INSERT INTO `node` VALUES ('139', '快递公司列表', 'order', 'getAllExpress', '18', '10', '3', '0', '1');
INSERT INTO `node` VALUES ('140', '收货', 'order', 'takes', '18', '11', '3', '0', '1');
INSERT INTO `node` VALUES ('141', '退货', 'order', 'reback', '18', '12', '3', '0', '1');
INSERT INTO `node` VALUES ('142', '城市列表', 'order', 'city', '18', '13', '3', '0', '1');
INSERT INTO `node` VALUES ('143', '地区列表', 'order', 'area', '18', '14', '3', '0', '1');
INSERT INTO `node` VALUES ('144', '导出数据', 'order', 'exporttext', '18', '15', '3', '0', '1');
INSERT INTO `node` VALUES ('145', '添加订单', 'order', 'add', '18', '16', '3', '0', '1');
INSERT INTO `node` VALUES ('146', '发货列表', 'deliver', 'index', '19', '1', '3', '0', '1');
INSERT INTO `node` VALUES ('147', '店铺下的商品列表', 'deliver', 'getGoods', '19', '2', '3', '0', '1');
INSERT INTO `node` VALUES ('148', '商品详情', 'deliver', 'getGoodsInfo', '19', '3', '3', '0', '1');
INSERT INTO `node` VALUES ('149', '快递查询', 'deliver', 'cancel', '19', '4', '3', '0', '1');
INSERT INTO `node` VALUES ('150', '订单详情', 'deliver', 'detail', '19', '5', '3', '0', '1');
INSERT INTO `node` VALUES ('151', '发货', 'deliver', 'deliver', '19', '6', '3', '0', '1');
INSERT INTO `node` VALUES ('152', '编辑订单', 'deliver', 'edit', '19', '7', '3', '0', '1');
INSERT INTO `node` VALUES ('153', '获取付款类型', 'deliver', 'getPayType', '19', '8', '3', '0', '1');
INSERT INTO `node` VALUES ('154', '获取收款账号', 'deliver', 'getPayBank', '19', '9', '3', '0', '1');
INSERT INTO `node` VALUES ('155', '快递公司列表', 'deliver', 'getAllExpress', '19', '10', '3', '0', '1');
INSERT INTO `node` VALUES ('156', '收货', 'deliver', 'takes', '19', '11', '3', '0', '1');
INSERT INTO `node` VALUES ('157', '退货', 'deliver', 'reback', '19', '12', '3', '0', '1');
INSERT INTO `node` VALUES ('158', '城市列表', 'deliver', 'city', '19', '13', '3', '0', '1');
INSERT INTO `node` VALUES ('159', '地区列表', 'deliver', 'area', '19', '14', '3', '0', '1');
INSERT INTO `node` VALUES ('160', '导出数据', 'deliver', 'exporttext', '19', '15', '3', '0', '1');
INSERT INTO `node` VALUES ('161', '删除发货单', 'deliver', 'del', '19', '16', '3', '0', '1');
INSERT INTO `node` VALUES ('162', '结算单列表', 'account', 'index', '20', '1', '3', '0', '1');
INSERT INTO `node` VALUES ('163', '删除申请单', 'account', 'del', '20', '2', '3', '0', '1');
INSERT INTO `node` VALUES ('164', '结算订单详情', 'account', 'detail', '20', '3', '3', '0', '1');
INSERT INTO `node` VALUES ('165', '导出数据', 'account', 'exportExcel', '20', '4', '3', '0', '1');
INSERT INTO `node` VALUES ('166', '添加申请单', 'account', 'add', '20', '5', '3', '0', '1');
INSERT INTO `node` VALUES ('167', '查询申请单', 'account', 'search', '20', '6', '3', '0', '1');
INSERT INTO `node` VALUES ('168', '财务审核列表', 'audit', 'index', '21', '1', '3', '0', '1');
INSERT INTO `node` VALUES ('169', '结算订单详情', 'audit', 'view', '21', '2', '3', '0', '1');
INSERT INTO `node` VALUES ('170', '审核', 'audit', 'change', '21', '3', '3', '0', '1');
INSERT INTO `node` VALUES ('171', '结算订单详情', 'audit', 'detail', '21', '4', '3', '0', '1');
INSERT INTO `node` VALUES ('172', '报表管理列表', 'report', 'index', '22', '1', '3', '0', '1');
INSERT INTO `node` VALUES ('173', '导出数据', 'report', 'export', '22', '2', '3', '0', '1');
INSERT INTO `node` VALUES ('174', '角色列表', 'role', 'index', '23', '1', '3', '0', '1');
INSERT INTO `node` VALUES ('175', '删除角色', 'role', 'delete', '23', '2', '3', '0', '1');
INSERT INTO `node` VALUES ('176', '添加角色', 'role', 'insert', '23', '3', '3', '0', '1');
INSERT INTO `node` VALUES ('177', '编辑角色', 'role', 'edit', '23', '4', '3', '0', '1');
INSERT INTO `node` VALUES ('178', '编辑角色', 'role', 'update', '23', '5', '3', '0', '1');
INSERT INTO `node` VALUES ('179', '用户列表', 'role', 'developer', '23', '6', '3', '0', '1');
INSERT INTO `node` VALUES ('180', '添加用户', 'role', 'adduser', '23', '7', '3', '0', '1');
INSERT INTO `node` VALUES ('181', '移除用户', 'role', 'deleterole', '23', '8', '3', '0', '1');
INSERT INTO `node` VALUES ('182', '添加角色', 'role', 'add', '23', '9', '3', '0', '1');
INSERT INTO `node` VALUES ('183', '员工列表', 'admin', 'index', '24', '1', '3', '0', '1');
INSERT INTO `node` VALUES ('184', '编辑员工', 'admin', 'edit', '24', '2', '3', '0', '1');
INSERT INTO `node` VALUES ('185', '删除员工', 'admin', 'del', '24', '3', '3', '0', '1');
INSERT INTO `node` VALUES ('186', '禁用员工', 'admin', 'disable', '24', '4', '3', '0', '1');
INSERT INTO `node` VALUES ('187', '激活员工', 'admin', 'enable', '24', '5', '3', '0', '1');
INSERT INTO `node` VALUES ('188', '添加员工', 'admin', 'add', '24', '6', '3', '0', '1');
INSERT INTO `node` VALUES ('189', '节点列表', 'node', 'index', '25', '1', '3', '0', '1');
INSERT INTO `node` VALUES ('190', '添加节点', 'node', 'add', '25', '2', '3', '0', '1');
INSERT INTO `node` VALUES ('191', '编辑节点', 'node', 'edit', '25', '3', '3', '0', '1');
INSERT INTO `node` VALUES ('192', '操作日志列表', 'blog', 'index', '26', '1', '3', '0', '1');
INSERT INTO `node` VALUES ('193', '版本列表', 'version', 'index', '27', '1', '3', '0', '1');
INSERT INTO `node` VALUES ('194', '编辑版本', 'version', 'edit', '27', '2', '3', '0', '1');
INSERT INTO `node` VALUES ('195', '删除版本', 'version', 'del', '27', '3', '3', '0', '1');
INSERT INTO `node` VALUES ('196', '添加版本', 'version', 'add', '27', '4', '3', '0', '1');
INSERT INTO `node` VALUES ('197', '报表管理', 'module', 'baobiao', '0', '7', '1', '1', '1');
INSERT INTO `node` VALUES ('198', '详情模板', 'goodstemplet', 'index', '2', '1', '2', '1', '1');
INSERT INTO `node` VALUES ('200', '详情预览', 'goodsdetails', 'index', '198', '0', '3', '0', '1');
INSERT INTO `node` VALUES ('201', '文案模板', 'copywritertemplet', 'index', '1', '4', '2', '1', '1');
INSERT INTO `node` VALUES ('204', '推荐商品', 'goods', 'recommend', '11', '22', '3', '0', '1');
INSERT INTO `node` VALUES ('205', '取消推荐', 'goods', 'unrecommend', '11', '23', '3', '0', '1');
INSERT INTO `node` VALUES ('206', '详情模板列表', 'goodstemplet', 'index', '198', '1', '3', '0', '1');
INSERT INTO `node` VALUES ('207', '添加详情模板', 'goodstemplet', 'add', '198', '2', '3', '0', '1');
INSERT INTO `node` VALUES ('208', '编辑详情模板', 'goodstemplet', 'edit', '198', '3', '3', '0', '1');
INSERT INTO `node` VALUES ('209', '保存模板', 'goodstemplet', 'save', '198', '4', '3', '0', '1');
INSERT INTO `node` VALUES ('210', '删除模板', 'goodstemplet', 'del', '198', '5', '3', '0', '1');
INSERT INTO `node` VALUES ('211', '验证是否有模板', 'goodstemplet', 'checkIsHasTemplet', '198', '6', '3', '0', '1');
INSERT INTO `node` VALUES ('212', '文案模板列表', 'copywritertemplet', 'index', '201', '0', '3', '0', '1');
INSERT INTO `node` VALUES ('213', '添加文案模板', 'copywritertemplet', 'add', '201', '1', '3', '0', '1');
INSERT INTO `node` VALUES ('214', '编辑文案模板', 'copywritertemplet', 'edit', '201', '2', '3', '0', '1');
INSERT INTO `node` VALUES ('215', '删除文案模板', 'copywritertemplet', 'del', '201', '3', '3', '0', '1');
INSERT INTO `node` VALUES ('216', '验证是否有模板', 'copywritertemplet', 'checkIsHasTemplet', '201', '4', '3', '0', '1');
INSERT INTO `node` VALUES ('217', '生成文案', 'copywritertemplet', 'createCopywriter', '201', '5', '3', '0', '1');
INSERT INTO `node` VALUES ('218', '属性管理', 'attribute', 'index', '1', '3', '2', '1', '1');
INSERT INTO `node` VALUES ('219', '属性列表', 'attribute', 'index', '218', '1', '3', '0', '1');
INSERT INTO `node` VALUES ('220', '添加属性', 'attribute', 'add', '218', '1', '3', '0', '1');
INSERT INTO `node` VALUES ('221', '编辑属性', 'attribute', 'edit', '218', '1', '3', '0', '1');
INSERT INTO `node` VALUES ('222', '删除编辑', 'attribute', 'delAttr', '218', '1', '3', '0', '1');
INSERT INTO `node` VALUES ('223', '获得属性值', 'attribute', 'getAttrChild', '218', '1', '3', '0', '1');
INSERT INTO `node` VALUES ('224', '获得属性分类', 'attribute', 'getCategoryByPid', '218', '1', '3', '0', '1');
INSERT INTO `node` VALUES ('227', '类目管理', 'category', 'index', '1', '2', '2', '1', '1');
INSERT INTO `node` VALUES ('228', '类目列表', 'category', 'index', '227', '0', '3', '0', '1');
INSERT INTO `node` VALUES ('229', '添加类目', 'category', 'add', '227', '0', '3', '0', '1');
INSERT INTO `node` VALUES ('230', '编辑类目', 'category', 'edit', '227', '0', '3', '0', '1');
INSERT INTO `node` VALUES ('231', '删除类目', 'category', 'delCat', '227', '0', '3', '0', '1');
INSERT INTO `node` VALUES ('232', '获取类目详情', 'category', 'getInfoById', '227', '0', '3', '0', '1');
INSERT INTO `node` VALUES ('233', '获取类目参数', 'category', 'getAttrByCatId', '227', '0', '3', '0', '1');

SET FOREIGN_KEY_CHECKS=0;

DROP TABLE IF EXISTS `role_node`;
CREATE TABLE `role_node` (
  `role_id` int(11) NOT NULL COMMENT '角色id',
  `node_id` int(11) NOT NULL COMMENT '节点id',
  KEY `role_id` (`role_id`),
  KEY `node_id` (`node_id`)
) ENGINE=InnoDB DEFAULT CHARSET=utf8 COMMENT='角色-节点表';

INSERT INTO `role_node` VALUES ('2', '2');
INSERT INTO `role_node` VALUES ('2', '9');
INSERT INTO `role_node` VALUES ('2', '43');
INSERT INTO `role_node` VALUES ('2', '44');
INSERT INTO `role_node` VALUES ('2', '45');
INSERT INTO `role_node` VALUES ('2', '46');
INSERT INTO `role_node` VALUES ('2', '47');
INSERT INTO `role_node` VALUES ('2', '198');
INSERT INTO `role_node` VALUES ('2', '200');
INSERT INTO `role_node` VALUES ('2', '206');
INSERT INTO `role_node` VALUES ('2', '207');
INSERT INTO `role_node` VALUES ('2', '208');
INSERT INTO `role_node` VALUES ('2', '209');
INSERT INTO `role_node` VALUES ('2', '210');
INSERT INTO `role_node` VALUES ('2', '211');
INSERT INTO `role_node` VALUES ('2', '13');
INSERT INTO `role_node` VALUES ('2', '75');
INSERT INTO `role_node` VALUES ('2', '80');
INSERT INTO `role_node` VALUES ('2', '76');
INSERT INTO `role_node` VALUES ('2', '81');
INSERT INTO `role_node` VALUES ('2', '82');
INSERT INTO `role_node` VALUES ('2', '77');
INSERT INTO `role_node` VALUES ('2', '12');
INSERT INTO `role_node` VALUES ('2', '78');
INSERT INTO `role_node` VALUES ('2', '83');
INSERT INTO `role_node` VALUES ('2', '79');
INSERT INTO `role_node` VALUES ('2', '84');
INSERT INTO `role_node` VALUES ('2', '85');
INSERT INTO `role_node` VALUES ('2', '86');
INSERT INTO `role_node` VALUES ('2', '87');
INSERT INTO `role_node` VALUES ('2', '88');
INSERT INTO `role_node` VALUES ('2', '89');
INSERT INTO `role_node` VALUES ('2', '90');
INSERT INTO `role_node` VALUES ('2', '14');
INSERT INTO `role_node` VALUES ('2', '91');
INSERT INTO `role_node` VALUES ('2', '92');
INSERT INTO `role_node` VALUES ('2', '93');
INSERT INTO `role_node` VALUES ('2', '94');
INSERT INTO `role_node` VALUES ('2', '95');
INSERT INTO `role_node` VALUES ('2', '96');
INSERT INTO `role_node` VALUES ('2', '97');
INSERT INTO `role_node` VALUES ('2', '98');
INSERT INTO `role_node` VALUES ('2', '99');
INSERT INTO `role_node` VALUES ('2', '100');
INSERT INTO `role_node` VALUES ('2', '101');
INSERT INTO `role_node` VALUES ('2', '102');
INSERT INTO `role_node` VALUES ('2', '103');
INSERT INTO `role_node` VALUES ('2', '104');
INSERT INTO `role_node` VALUES ('2', '105');
INSERT INTO `role_node` VALUES ('2', '18');
INSERT INTO `role_node` VALUES ('2', '130');
INSERT INTO `role_node` VALUES ('2', '131');
INSERT INTO `role_node` VALUES ('2', '132');
INSERT INTO `role_node` VALUES ('2', '133');
INSERT INTO `role_node` VALUES ('2', '134');
INSERT INTO `role_node` VALUES ('2', '135');
INSERT INTO `role_node` VALUES ('2', '136');
INSERT INTO `role_node` VALUES ('2', '137');
INSERT INTO `role_node` VALUES ('2', '138');
INSERT INTO `role_node` VALUES ('2', '139');
INSERT INTO `role_node` VALUES ('2', '140');
INSERT INTO `role_node` VALUES ('2', '141');
INSERT INTO `role_node` VALUES ('2', '142');
INSERT INTO `role_node` VALUES ('2', '143');
INSERT INTO `role_node` VALUES ('2', '144');
INSERT INTO `role_node` VALUES ('2', '145');
INSERT INTO `role_node` VALUES ('2', '197');
INSERT INTO `role_node` VALUES ('2', '22');
INSERT INTO `role_node` VALUES ('2', '172');
INSERT INTO `role_node` VALUES ('2', '173');
INSERT INTO `role_node` VALUES ('6', '2');
INSERT INTO `role_node` VALUES ('6', '9');
INSERT INTO `role_node` VALUES ('6', '43');
INSERT INTO `role_node` VALUES ('6', '44');
INSERT INTO `role_node` VALUES ('6', '45');
INSERT INTO `role_node` VALUES ('6', '46');
INSERT INTO `role_node` VALUES ('6', '47');
INSERT INTO `role_node` VALUES ('6', '198');
INSERT INTO `role_node` VALUES ('6', '200');
INSERT INTO `role_node` VALUES ('6', '206');
INSERT INTO `role_node` VALUES ('6', '207');
INSERT INTO `role_node` VALUES ('6', '208');
INSERT INTO `role_node` VALUES ('6', '209');
INSERT INTO `role_node` VALUES ('6', '210');
INSERT INTO `role_node` VALUES ('6', '211');
INSERT INTO `role_node` VALUES ('6', '13');
INSERT INTO `role_node` VALUES ('6', '75');
INSERT INTO `role_node` VALUES ('6', '80');
INSERT INTO `role_node` VALUES ('6', '76');
INSERT INTO `role_node` VALUES ('6', '81');
INSERT INTO `role_node` VALUES ('6', '82');
INSERT INTO `role_node` VALUES ('6', '77');
INSERT INTO `role_node` VALUES ('6', '12');
INSERT INTO `role_node` VALUES ('6', '78');
INSERT INTO `role_node` VALUES ('6', '83');
INSERT INTO `role_node` VALUES ('6', '79');
INSERT INTO `role_node` VALUES ('6', '84');
INSERT INTO `role_node` VALUES ('6', '85');
INSERT INTO `role_node` VALUES ('6', '86');
INSERT INTO `role_node` VALUES ('6', '87');
INSERT INTO `role_node` VALUES ('6', '88');
INSERT INTO `role_node` VALUES ('6', '89');
INSERT INTO `role_node` VALUES ('6', '90');
INSERT INTO `role_node` VALUES ('6', '14');
INSERT INTO `role_node` VALUES ('6', '91');
INSERT INTO `role_node` VALUES ('6', '92');
INSERT INTO `role_node` VALUES ('6', '93');
INSERT INTO `role_node` VALUES ('6', '94');
INSERT INTO `role_node` VALUES ('6', '95');
INSERT INTO `role_node` VALUES ('6', '96');
INSERT INTO `role_node` VALUES ('6', '97');
INSERT INTO `role_node` VALUES ('6', '98');
INSERT INTO `role_node` VALUES ('6', '99');
INSERT INTO `role_node` VALUES ('6', '100');
INSERT INTO `role_node` VALUES ('6', '101');
INSERT INTO `role_node` VALUES ('6', '102');
INSERT INTO `role_node` VALUES ('6', '103');
INSERT INTO `role_node` VALUES ('6', '104');
INSERT INTO `role_node` VALUES ('6', '105');
INSERT INTO `role_node` VALUES ('6', '18');
INSERT INTO `role_node` VALUES ('6', '130');
INSERT INTO `role_node` VALUES ('6', '131');
INSERT INTO `role_node` VALUES ('6', '132');
INSERT INTO `role_node` VALUES ('6', '133');
INSERT INTO `role_node` VALUES ('6', '134');
INSERT INTO `role_node` VALUES ('6', '135');
INSERT INTO `role_node` VALUES ('6', '136');
INSERT INTO `role_node` VALUES ('6', '137');
INSERT INTO `role_node` VALUES ('6', '138');
INSERT INTO `role_node` VALUES ('6', '139');
INSERT INTO `role_node` VALUES ('6', '140');
INSERT INTO `role_node` VALUES ('6', '141');
INSERT INTO `role_node` VALUES ('6', '142');
INSERT INTO `role_node` VALUES ('6', '143');
INSERT INTO `role_node` VALUES ('6', '144');
INSERT INTO `role_node` VALUES ('6', '145');
INSERT INTO `role_node` VALUES ('6', '197');
INSERT INTO `role_node` VALUES ('6', '22');
INSERT INTO `role_node` VALUES ('6', '172');
INSERT INTO `role_node` VALUES ('6', '173');
INSERT INTO `role_node` VALUES ('16', '2');
INSERT INTO `role_node` VALUES ('16', '13');
INSERT INTO `role_node` VALUES ('16', '75');
INSERT INTO `role_node` VALUES ('16', '80');
INSERT INTO `role_node` VALUES ('16', '76');
INSERT INTO `role_node` VALUES ('16', '81');
INSERT INTO `role_node` VALUES ('16', '82');
INSERT INTO `role_node` VALUES ('16', '77');
INSERT INTO `role_node` VALUES ('16', '12');
INSERT INTO `role_node` VALUES ('16', '78');
INSERT INTO `role_node` VALUES ('16', '83');
INSERT INTO `role_node` VALUES ('16', '79');
INSERT INTO `role_node` VALUES ('16', '84');
INSERT INTO `role_node` VALUES ('16', '85');
INSERT INTO `role_node` VALUES ('16', '86');
INSERT INTO `role_node` VALUES ('16', '87');
INSERT INTO `role_node` VALUES ('16', '88');
INSERT INTO `role_node` VALUES ('16', '89');
INSERT INTO `role_node` VALUES ('16', '90');
INSERT INTO `role_node` VALUES ('8', '2');
INSERT INTO `role_node` VALUES ('8', '9');
INSERT INTO `role_node` VALUES ('8', '43');
INSERT INTO `role_node` VALUES ('8', '44');
INSERT INTO `role_node` VALUES ('8', '45');
INSERT INTO `role_node` VALUES ('8', '46');
INSERT INTO `role_node` VALUES ('8', '47');
INSERT INTO `role_node` VALUES ('8', '198');
INSERT INTO `role_node` VALUES ('8', '200');
INSERT INTO `role_node` VALUES ('8', '206');
INSERT INTO `role_node` VALUES ('8', '207');
INSERT INTO `role_node` VALUES ('8', '208');
INSERT INTO `role_node` VALUES ('8', '209');
INSERT INTO `role_node` VALUES ('8', '210');
INSERT INTO `role_node` VALUES ('8', '211');
INSERT INTO `role_node` VALUES ('8', '13');
INSERT INTO `role_node` VALUES ('8', '75');
INSERT INTO `role_node` VALUES ('8', '80');
INSERT INTO `role_node` VALUES ('8', '76');
INSERT INTO `role_node` VALUES ('8', '81');
INSERT INTO `role_node` VALUES ('8', '82');
INSERT INTO `role_node` VALUES ('8', '77');
INSERT INTO `role_node` VALUES ('8', '12');
INSERT INTO `role_node` VALUES ('8', '78');
INSERT INTO `role_node` VALUES ('8', '83');
INSERT INTO `role_node` VALUES ('8', '79');
INSERT INTO `role_node` VALUES ('8', '84');
INSERT INTO `role_node` VALUES ('8', '85');
INSERT INTO `role_node` VALUES ('8', '86');
INSERT INTO `role_node` VALUES ('8', '87');
INSERT INTO `role_node` VALUES ('8', '88');
INSERT INTO `role_node` VALUES ('8', '89');
INSERT INTO `role_node` VALUES ('8', '90');
INSERT INTO `role_node` VALUES ('8', '14');
INSERT INTO `role_node` VALUES ('8', '91');
INSERT INTO `role_node` VALUES ('8', '92');
INSERT INTO `role_node` VALUES ('8', '93');
INSERT INTO `role_node` VALUES ('8', '94');
INSERT INTO `role_node` VALUES ('8', '95');
INSERT INTO `role_node` VALUES ('8', '96');
INSERT INTO `role_node` VALUES ('8', '97');
INSERT INTO `role_node` VALUES ('8', '98');
INSERT INTO `role_node` VALUES ('8', '99');
INSERT INTO `role_node` VALUES ('8', '100');
INSERT INTO `role_node` VALUES ('8', '101');
INSERT INTO `role_node` VALUES ('8', '102');
INSERT INTO `role_node` VALUES ('8', '103');
INSERT INTO `role_node` VALUES ('8', '104');
INSERT INTO `role_node` VALUES ('8', '105');
INSERT INTO `role_node` VALUES ('8', '18');
INSERT INTO `role_node` VALUES ('8', '130');
INSERT INTO `role_node` VALUES ('8', '131');
INSERT INTO `role_node` VALUES ('8', '132');
INSERT INTO `role_node` VALUES ('8', '133');
INSERT INTO `role_node` VALUES ('8', '134');
INSERT INTO `role_node` VALUES ('8', '135');
INSERT INTO `role_node` VALUES ('8', '136');
INSERT INTO `role_node` VALUES ('8', '137');
INSERT INTO `role_node` VALUES ('8', '138');
INSERT INTO `role_node` VALUES ('8', '139');
INSERT INTO `role_node` VALUES ('8', '140');
INSERT INTO `role_node` VALUES ('8', '141');
INSERT INTO `role_node` VALUES ('8', '142');
INSERT INTO `role_node` VALUES ('8', '143');
INSERT INTO `role_node` VALUES ('8', '144');
INSERT INTO `role_node` VALUES ('8', '145');
INSERT INTO `role_node` VALUES ('9', '2');
INSERT INTO `role_node` VALUES ('9', '13');
INSERT INTO `role_node` VALUES ('9', '75');
INSERT INTO `role_node` VALUES ('9', '80');
INSERT INTO `role_node` VALUES ('9', '76');
INSERT INTO `role_node` VALUES ('9', '81');
INSERT INTO `role_node` VALUES ('9', '82');
INSERT INTO `role_node` VALUES ('9', '77');
INSERT INTO `role_node` VALUES ('9', '12');
INSERT INTO `role_node` VALUES ('9', '78');
INSERT INTO `role_node` VALUES ('9', '83');
INSERT INTO `role_node` VALUES ('9', '79');
INSERT INTO `role_node` VALUES ('9', '84');
INSERT INTO `role_node` VALUES ('9', '85');
INSERT INTO `role_node` VALUES ('9', '86');
INSERT INTO `role_node` VALUES ('9', '87');
INSERT INTO `role_node` VALUES ('9', '88');
INSERT INTO `role_node` VALUES ('9', '89');
INSERT INTO `role_node` VALUES ('9', '90');
INSERT INTO `role_node` VALUES ('10', '2');
INSERT INTO `role_node` VALUES ('10', '13');
INSERT INTO `role_node` VALUES ('10', '75');
INSERT INTO `role_node` VALUES ('10', '80');
INSERT INTO `role_node` VALUES ('10', '76');
INSERT INTO `role_node` VALUES ('10', '81');
INSERT INTO `role_node` VALUES ('10', '82');
INSERT INTO `role_node` VALUES ('10', '77');
INSERT INTO `role_node` VALUES ('10', '12');
INSERT INTO `role_node` VALUES ('10', '78');
INSERT INTO `role_node` VALUES ('10', '83');
INSERT INTO `role_node` VALUES ('10', '79');
INSERT INTO `role_node` VALUES ('10', '84');
INSERT INTO `role_node` VALUES ('10', '85');
INSERT INTO `role_node` VALUES ('10', '86');
INSERT INTO `role_node` VALUES ('10', '87');
INSERT INTO `role_node` VALUES ('10', '88');
INSERT INTO `role_node` VALUES ('10', '89');
INSERT INTO `role_node` VALUES ('10', '90');
INSERT INTO `role_node` VALUES ('10', '14');
INSERT INTO `role_node` VALUES ('10', '91');
INSERT INTO `role_node` VALUES ('10', '92');
INSERT INTO `role_node` VALUES ('10', '93');
INSERT INTO `role_node` VALUES ('10', '94');
INSERT INTO `role_node` VALUES ('10', '95');
INSERT INTO `role_node` VALUES ('10', '96');
INSERT INTO `role_node` VALUES ('10', '97');
INSERT INTO `role_node` VALUES ('10', '98');
INSERT INTO `role_node` VALUES ('10', '99');
INSERT INTO `role_node` VALUES ('10', '100');
INSERT INTO `role_node` VALUES ('10', '101');
INSERT INTO `role_node` VALUES ('10', '102');
INSERT INTO `role_node` VALUES ('10', '103');
INSERT INTO `role_node` VALUES ('10', '104');
INSERT INTO `role_node` VALUES ('10', '105');
INSERT INTO `role_node` VALUES ('10', '18');
INSERT INTO `role_node` VALUES ('10', '130');
INSERT INTO `role_node` VALUES ('10', '131');
INSERT INTO `role_node` VALUES ('10', '132');
INSERT INTO `role_node` VALUES ('10', '133');
INSERT INTO `role_node` VALUES ('10', '134');
INSERT INTO `role_node` VALUES ('10', '135');
INSERT INTO `role_node` VALUES ('10', '136');
INSERT INTO `role_node` VALUES ('10', '137');
INSERT INTO `role_node` VALUES ('10', '138');
INSERT INTO `role_node` VALUES ('10', '139');
INSERT INTO `role_node` VALUES ('10', '140');
INSERT INTO `role_node` VALUES ('10', '141');
INSERT INTO `role_node` VALUES ('10', '142');
INSERT INTO `role_node` VALUES ('10', '143');
INSERT INTO `role_node` VALUES ('10', '144');
INSERT INTO `role_node` VALUES ('10', '145');
INSERT INTO `role_node` VALUES ('11', '2');
INSERT INTO `role_node` VALUES ('11', '13');
INSERT INTO `role_node` VALUES ('11', '75');
INSERT INTO `role_node` VALUES ('11', '80');
INSERT INTO `role_node` VALUES ('11', '76');
INSERT INTO `role_node` VALUES ('11', '81');
INSERT INTO `role_node` VALUES ('11', '82');
INSERT INTO `role_node` VALUES ('11', '77');
INSERT INTO `role_node` VALUES ('11', '12');
INSERT INTO `role_node` VALUES ('11', '78');
INSERT INTO `role_node` VALUES ('11', '83');
INSERT INTO `role_node` VALUES ('11', '79');
INSERT INTO `role_node` VALUES ('11', '84');
INSERT INTO `role_node` VALUES ('11', '85');
INSERT INTO `role_node` VALUES ('11', '86');
INSERT INTO `role_node` VALUES ('11', '87');
INSERT INTO `role_node` VALUES ('11', '88');
INSERT INTO `role_node` VALUES ('11', '89');
INSERT INTO `role_node` VALUES ('11', '90');
INSERT INTO `role_node` VALUES ('11', '14');
INSERT INTO `role_node` VALUES ('11', '91');
INSERT INTO `role_node` VALUES ('11', '92');
INSERT INTO `role_node` VALUES ('11', '93');
INSERT INTO `role_node` VALUES ('11', '94');
INSERT INTO `role_node` VALUES ('11', '95');
INSERT INTO `role_node` VALUES ('11', '96');
INSERT INTO `role_node` VALUES ('11', '97');
INSERT INTO `role_node` VALUES ('11', '98');
INSERT INTO `role_node` VALUES ('11', '99');
INSERT INTO `role_node` VALUES ('11', '100');
INSERT INTO `role_node` VALUES ('11', '101');
INSERT INTO `role_node` VALUES ('11', '102');
INSERT INTO `role_node` VALUES ('11', '103');
INSERT INTO `role_node` VALUES ('11', '104');
INSERT INTO `role_node` VALUES ('11', '105');
INSERT INTO `role_node` VALUES ('11', '18');
INSERT INTO `role_node` VALUES ('11', '130');
INSERT INTO `role_node` VALUES ('11', '131');
INSERT INTO `role_node` VALUES ('11', '132');
INSERT INTO `role_node` VALUES ('11', '133');
INSERT INTO `role_node` VALUES ('11', '134');
INSERT INTO `role_node` VALUES ('11', '135');
INSERT INTO `role_node` VALUES ('11', '136');
INSERT INTO `role_node` VALUES ('11', '137');
INSERT INTO `role_node` VALUES ('11', '138');
INSERT INTO `role_node` VALUES ('11', '139');
INSERT INTO `role_node` VALUES ('11', '140');
INSERT INTO `role_node` VALUES ('11', '141');
INSERT INTO `role_node` VALUES ('11', '142');
INSERT INTO `role_node` VALUES ('11', '143');
INSERT INTO `role_node` VALUES ('11', '144');
INSERT INTO `role_node` VALUES ('11', '145');
INSERT INTO `role_node` VALUES ('3', '1');
INSERT INTO `role_node` VALUES ('3', '7');
INSERT INTO `role_node` VALUES ('3', '28');
INSERT INTO `role_node` VALUES ('3', '29');
INSERT INTO `role_node` VALUES ('3', '30');
INSERT INTO `role_node` VALUES ('3', '31');
INSERT INTO `role_node` VALUES ('3', '32');
INSERT INTO `role_node` VALUES ('3', '33');
INSERT INTO `role_node` VALUES ('3', '8');
INSERT INTO `role_node` VALUES ('3', '34');
INSERT INTO `role_node` VALUES ('3', '35');
INSERT INTO `role_node` VALUES ('3', '36');
INSERT INTO `role_node` VALUES ('3', '37');
INSERT INTO `role_node` VALUES ('3', '38');
INSERT INTO `role_node` VALUES ('3', '39');
INSERT INTO `role_node` VALUES ('3', '40');
INSERT INTO `role_node` VALUES ('3', '41');
INSERT INTO `role_node` VALUES ('3', '42');
INSERT INTO `role_node` VALUES ('3', '227');
INSERT INTO `role_node` VALUES ('3', '228');
INSERT INTO `role_node` VALUES ('3', '233');
INSERT INTO `role_node` VALUES ('3', '229');
INSERT INTO `role_node` VALUES ('3', '230');
INSERT INTO `role_node` VALUES ('3', '231');
INSERT INTO `role_node` VALUES ('3', '232');
INSERT INTO `role_node` VALUES ('3', '218');
INSERT INTO `role_node` VALUES ('3', '221');
INSERT INTO `role_node` VALUES ('3', '223');
INSERT INTO `role_node` VALUES ('3', '224');
INSERT INTO `role_node` VALUES ('3', '222');
INSERT INTO `role_node` VALUES ('3', '220');
INSERT INTO `role_node` VALUES ('3', '219');
INSERT INTO `role_node` VALUES ('3', '201');
INSERT INTO `role_node` VALUES ('3', '212');
INSERT INTO `role_node` VALUES ('3', '213');
INSERT INTO `role_node` VALUES ('3', '214');
INSERT INTO `role_node` VALUES ('3', '215');
INSERT INTO `role_node` VALUES ('3', '216');
INSERT INTO `role_node` VALUES ('3', '217');
INSERT INTO `role_node` VALUES ('3', '11');
INSERT INTO `role_node` VALUES ('3', '54');
INSERT INTO `role_node` VALUES ('3', '55');
INSERT INTO `role_node` VALUES ('3', '56');
INSERT INTO `role_node` VALUES ('3', '57');
INSERT INTO `role_node` VALUES ('3', '58');
INSERT INTO `role_node` VALUES ('3', '59');
INSERT INTO `role_node` VALUES ('3', '60');
INSERT INTO `role_node` VALUES ('3', '61');
INSERT INTO `role_node` VALUES ('3', '62');
INSERT INTO `role_node` VALUES ('3', '63');
INSERT INTO `role_node` VALUES ('3', '64');
INSERT INTO `role_node` VALUES ('3', '65');
INSERT INTO `role_node` VALUES ('3', '66');
INSERT INTO `role_node` VALUES ('3', '67');
INSERT INTO `role_node` VALUES ('3', '68');
INSERT INTO `role_node` VALUES ('3', '69');
INSERT INTO `role_node` VALUES ('3', '70');
INSERT INTO `role_node` VALUES ('3', '71');
INSERT INTO `role_node` VALUES ('3', '72');
INSERT INTO `role_node` VALUES ('3', '73');
INSERT INTO `role_node` VALUES ('3', '74');
INSERT INTO `role_node` VALUES ('3', '204');
INSERT INTO `role_node` VALUES ('3', '205');
INSERT INTO `role_node` VALUES ('3', '19');
INSERT INTO `role_node` VALUES ('3', '146');
INSERT INTO `role_node` VALUES ('3', '147');
INSERT INTO `role_node` VALUES ('3', '148');
INSERT INTO `role_node` VALUES ('3', '149');
INSERT INTO `role_node` VALUES ('3', '150');
INSERT INTO `role_node` VALUES ('3', '151');
INSERT INTO `role_node` VALUES ('3', '152');
INSERT INTO `role_node` VALUES ('3', '153');
INSERT INTO `role_node` VALUES ('3', '154');
INSERT INTO `role_node` VALUES ('3', '155');
INSERT INTO `role_node` VALUES ('3', '156');
INSERT INTO `role_node` VALUES ('3', '157');
INSERT INTO `role_node` VALUES ('3', '158');
INSERT INTO `role_node` VALUES ('3', '159');
INSERT INTO `role_node` VALUES ('3', '160');
INSERT INTO `role_node` VALUES ('3', '161');
INSERT INTO `role_node` VALUES ('3', '3');
INSERT INTO `role_node` VALUES ('3', '15');
INSERT INTO `role_node` VALUES ('3', '106');
INSERT INTO `role_node` VALUES ('3', '107');
INSERT INTO `role_node` VALUES ('3', '108');
INSERT INTO `role_node` VALUES ('3', '109');
INSERT INTO `role_node` VALUES ('3', '110');
INSERT INTO `role_node` VALUES ('3', '111');
INSERT INTO `role_node` VALUES ('3', '112');
INSERT INTO `role_node` VALUES ('3', '16');
INSERT INTO `role_node` VALUES ('3', '113');
INSERT INTO `role_node` VALUES ('3', '114');
INSERT INTO `role_node` VALUES ('3', '115');
INSERT INTO `role_node` VALUES ('3', '116');
INSERT INTO `role_node` VALUES ('3', '117');
INSERT INTO `role_node` VALUES ('3', '118');
INSERT INTO `role_node` VALUES ('3', '119');
INSERT INTO `role_node` VALUES ('3', '120');
INSERT INTO `role_node` VALUES ('3', '121');
INSERT INTO `role_node` VALUES ('3', '122');
INSERT INTO `role_node` VALUES ('3', '123');
INSERT INTO `role_node` VALUES ('3', '124');
INSERT INTO `role_node` VALUES ('3', '17');
INSERT INTO `role_node` VALUES ('3', '125');
INSERT INTO `role_node` VALUES ('3', '126');
INSERT INTO `role_node` VALUES ('3', '127');
INSERT INTO `role_node` VALUES ('3', '128');
INSERT INTO `role_node` VALUES ('3', '129');
INSERT INTO `role_node` VALUES ('3', '5');
INSERT INTO `role_node` VALUES ('3', '20');
INSERT INTO `role_node` VALUES ('3', '162');
INSERT INTO `role_node` VALUES ('3', '163');
INSERT INTO `role_node` VALUES ('3', '164');
INSERT INTO `role_node` VALUES ('3', '165');
INSERT INTO `role_node` VALUES ('3', '166');
INSERT INTO `role_node` VALUES ('3', '167');
INSERT INTO `role_node` VALUES ('3', '197');
INSERT INTO `role_node` VALUES ('3', '22');
INSERT INTO `role_node` VALUES ('3', '172');
INSERT INTO `role_node` VALUES ('3', '173');
INSERT INTO `role_node` VALUES ('7', '1');
INSERT INTO `role_node` VALUES ('7', '7');
INSERT INTO `role_node` VALUES ('7', '28');
INSERT INTO `role_node` VALUES ('7', '29');
INSERT INTO `role_node` VALUES ('7', '30');
INSERT INTO `role_node` VALUES ('7', '31');
INSERT INTO `role_node` VALUES ('7', '32');
INSERT INTO `role_node` VALUES ('7', '33');
INSERT INTO `role_node` VALUES ('7', '8');
INSERT INTO `role_node` VALUES ('7', '34');
INSERT INTO `role_node` VALUES ('7', '35');
INSERT INTO `role_node` VALUES ('7', '36');
INSERT INTO `role_node` VALUES ('7', '37');
INSERT INTO `role_node` VALUES ('7', '38');
INSERT INTO `role_node` VALUES ('7', '39');
INSERT INTO `role_node` VALUES ('7', '40');
INSERT INTO `role_node` VALUES ('7', '41');
INSERT INTO `role_node` VALUES ('7', '42');
INSERT INTO `role_node` VALUES ('7', '227');
INSERT INTO `role_node` VALUES ('7', '228');
INSERT INTO `role_node` VALUES ('7', '233');
INSERT INTO `role_node` VALUES ('7', '229');
INSERT INTO `role_node` VALUES ('7', '230');
INSERT INTO `role_node` VALUES ('7', '231');
INSERT INTO `role_node` VALUES ('7', '232');
INSERT INTO `role_node` VALUES ('7', '218');
INSERT INTO `role_node` VALUES ('7', '221');
INSERT INTO `role_node` VALUES ('7', '223');
INSERT INTO `role_node` VALUES ('7', '224');
INSERT INTO `role_node` VALUES ('7', '222');
INSERT INTO `role_node` VALUES ('7', '220');
INSERT INTO `role_node` VALUES ('7', '219');
INSERT INTO `role_node` VALUES ('7', '201');
INSERT INTO `role_node` VALUES ('7', '212');
INSERT INTO `role_node` VALUES ('7', '213');
INSERT INTO `role_node` VALUES ('7', '214');
INSERT INTO `role_node` VALUES ('7', '215');
INSERT INTO `role_node` VALUES ('7', '216');
INSERT INTO `role_node` VALUES ('7', '217');
INSERT INTO `role_node` VALUES ('7', '11');
INSERT INTO `role_node` VALUES ('7', '54');
INSERT INTO `role_node` VALUES ('7', '55');
INSERT INTO `role_node` VALUES ('7', '56');
INSERT INTO `role_node` VALUES ('7', '57');
INSERT INTO `role_node` VALUES ('7', '58');
INSERT INTO `role_node` VALUES ('7', '59');
INSERT INTO `role_node` VALUES ('7', '60');
INSERT INTO `role_node` VALUES ('7', '61');
INSERT INTO `role_node` VALUES ('7', '62');
INSERT INTO `role_node` VALUES ('7', '63');
INSERT INTO `role_node` VALUES ('7', '64');
INSERT INTO `role_node` VALUES ('7', '65');
INSERT INTO `role_node` VALUES ('7', '66');
INSERT INTO `role_node` VALUES ('7', '67');
INSERT INTO `role_node` VALUES ('7', '68');
INSERT INTO `role_node` VALUES ('7', '69');
INSERT INTO `role_node` VALUES ('7', '70');
INSERT INTO `role_node` VALUES ('7', '71');
INSERT INTO `role_node` VALUES ('7', '72');
INSERT INTO `role_node` VALUES ('7', '73');
INSERT INTO `role_node` VALUES ('7', '74');
INSERT INTO `role_node` VALUES ('7', '204');
INSERT INTO `role_node` VALUES ('7', '205');
INSERT INTO `role_node` VALUES ('7', '19');
INSERT INTO `role_node` VALUES ('7', '146');
INSERT INTO `role_node` VALUES ('7', '147');
INSERT INTO `role_node` VALUES ('7', '148');
INSERT INTO `role_node` VALUES ('7', '149');
INSERT INTO `role_node` VALUES ('7', '150');
INSERT INTO `role_node` VALUES ('7', '151');
INSERT INTO `role_node` VALUES ('7', '152');
INSERT INTO `role_node` VALUES ('7', '153');
INSERT INTO `role_node` VALUES ('7', '154');
INSERT INTO `role_node` VALUES ('7', '155');
INSERT INTO `role_node` VALUES ('7', '156');
INSERT INTO `role_node` VALUES ('7', '157');
INSERT INTO `role_node` VALUES ('7', '158');
INSERT INTO `role_node` VALUES ('7', '159');
INSERT INTO `role_node` VALUES ('7', '160');
INSERT INTO `role_node` VALUES ('7', '161');
INSERT INTO `role_node` VALUES ('7', '3');
INSERT INTO `role_node` VALUES ('7', '15');
INSERT INTO `role_node` VALUES ('7', '106');
INSERT INTO `role_node` VALUES ('7', '107');
INSERT INTO `role_node` VALUES ('7', '108');
INSERT INTO `role_node` VALUES ('7', '109');
INSERT INTO `role_node` VALUES ('7', '110');
INSERT INTO `role_node` VALUES ('7', '111');
INSERT INTO `role_node` VALUES ('7', '112');
INSERT INTO `role_node` VALUES ('7', '16');
INSERT INTO `role_node` VALUES ('7', '113');
INSERT INTO `role_node` VALUES ('7', '114');
INSERT INTO `role_node` VALUES ('7', '115');
INSERT INTO `role_node` VALUES ('7', '116');
INSERT INTO `role_node` VALUES ('7', '117');
INSERT INTO `role_node` VALUES ('7', '118');
INSERT INTO `role_node` VALUES ('7', '119');
INSERT INTO `role_node` VALUES ('7', '120');
INSERT INTO `role_node` VALUES ('7', '121');
INSERT INTO `role_node` VALUES ('7', '122');
INSERT INTO `role_node` VALUES ('7', '123');
INSERT INTO `role_node` VALUES ('7', '124');
INSERT INTO `role_node` VALUES ('7', '17');
INSERT INTO `role_node` VALUES ('7', '125');
INSERT INTO `role_node` VALUES ('7', '126');
INSERT INTO `role_node` VALUES ('7', '127');
INSERT INTO `role_node` VALUES ('7', '128');
INSERT INTO `role_node` VALUES ('7', '129');
INSERT INTO `role_node` VALUES ('7', '5');
INSERT INTO `role_node` VALUES ('7', '20');
INSERT INTO `role_node` VALUES ('7', '162');
INSERT INTO `role_node` VALUES ('7', '163');
INSERT INTO `role_node` VALUES ('7', '164');
INSERT INTO `role_node` VALUES ('7', '165');
INSERT INTO `role_node` VALUES ('7', '166');
INSERT INTO `role_node` VALUES ('7', '167');
INSERT INTO `role_node` VALUES ('7', '197');
INSERT INTO `role_node` VALUES ('7', '22');
INSERT INTO `role_node` VALUES ('7', '172');
INSERT INTO `role_node` VALUES ('7', '173');
INSERT INTO `role_node` VALUES ('18', '1');
INSERT INTO `role_node` VALUES ('18', '7');
INSERT INTO `role_node` VALUES ('18', '28');
INSERT INTO `role_node` VALUES ('18', '29');
INSERT INTO `role_node` VALUES ('18', '30');
INSERT INTO `role_node` VALUES ('18', '31');
INSERT INTO `role_node` VALUES ('18', '32');
INSERT INTO `role_node` VALUES ('18', '33');
INSERT INTO `role_node` VALUES ('18', '8');
INSERT INTO `role_node` VALUES ('18', '34');
INSERT INTO `role_node` VALUES ('18', '35');
INSERT INTO `role_node` VALUES ('18', '36');
INSERT INTO `role_node` VALUES ('18', '37');
INSERT INTO `role_node` VALUES ('18', '38');
INSERT INTO `role_node` VALUES ('18', '39');
INSERT INTO `role_node` VALUES ('18', '40');
INSERT INTO `role_node` VALUES ('18', '41');
INSERT INTO `role_node` VALUES ('18', '42');
INSERT INTO `role_node` VALUES ('18', '227');
INSERT INTO `role_node` VALUES ('18', '228');
INSERT INTO `role_node` VALUES ('18', '233');
INSERT INTO `role_node` VALUES ('18', '229');
INSERT INTO `role_node` VALUES ('18', '230');
INSERT INTO `role_node` VALUES ('18', '231');
INSERT INTO `role_node` VALUES ('18', '232');
INSERT INTO `role_node` VALUES ('18', '218');
INSERT INTO `role_node` VALUES ('18', '221');
INSERT INTO `role_node` VALUES ('18', '223');
INSERT INTO `role_node` VALUES ('18', '224');
INSERT INTO `role_node` VALUES ('18', '222');
INSERT INTO `role_node` VALUES ('18', '220');
INSERT INTO `role_node` VALUES ('18', '219');
INSERT INTO `role_node` VALUES ('18', '201');
INSERT INTO `role_node` VALUES ('18', '212');
INSERT INTO `role_node` VALUES ('18', '213');
INSERT INTO `role_node` VALUES ('18', '214');
INSERT INTO `role_node` VALUES ('18', '215');
INSERT INTO `role_node` VALUES ('18', '216');
INSERT INTO `role_node` VALUES ('18', '217');
INSERT INTO `role_node` VALUES ('18', '11');
INSERT INTO `role_node` VALUES ('18', '54');
INSERT INTO `role_node` VALUES ('18', '55');
INSERT INTO `role_node` VALUES ('18', '56');
INSERT INTO `role_node` VALUES ('18', '57');
INSERT INTO `role_node` VALUES ('18', '58');
INSERT INTO `role_node` VALUES ('18', '59');
INSERT INTO `role_node` VALUES ('18', '60');
INSERT INTO `role_node` VALUES ('18', '61');
INSERT INTO `role_node` VALUES ('18', '62');
INSERT INTO `role_node` VALUES ('18', '63');
INSERT INTO `role_node` VALUES ('18', '64');
INSERT INTO `role_node` VALUES ('18', '65');
INSERT INTO `role_node` VALUES ('18', '66');
INSERT INTO `role_node` VALUES ('18', '67');
INSERT INTO `role_node` VALUES ('18', '68');
INSERT INTO `role_node` VALUES ('18', '69');
INSERT INTO `role_node` VALUES ('18', '70');
INSERT INTO `role_node` VALUES ('18', '71');
INSERT INTO `role_node` VALUES ('18', '72');
INSERT INTO `role_node` VALUES ('18', '73');
INSERT INTO `role_node` VALUES ('18', '74');
INSERT INTO `role_node` VALUES ('18', '204');
INSERT INTO `role_node` VALUES ('18', '205');
INSERT INTO `role_node` VALUES ('18', '19');
INSERT INTO `role_node` VALUES ('18', '146');
INSERT INTO `role_node` VALUES ('18', '147');
INSERT INTO `role_node` VALUES ('18', '148');
INSERT INTO `role_node` VALUES ('18', '149');
INSERT INTO `role_node` VALUES ('18', '150');
INSERT INTO `role_node` VALUES ('18', '151');
INSERT INTO `role_node` VALUES ('18', '152');
INSERT INTO `role_node` VALUES ('18', '153');
INSERT INTO `role_node` VALUES ('18', '154');
INSERT INTO `role_node` VALUES ('18', '155');
INSERT INTO `role_node` VALUES ('18', '156');
INSERT INTO `role_node` VALUES ('18', '157');
INSERT INTO `role_node` VALUES ('18', '158');
INSERT INTO `role_node` VALUES ('18', '159');
INSERT INTO `role_node` VALUES ('18', '160');
INSERT INTO `role_node` VALUES ('18', '161');
INSERT INTO `role_node` VALUES ('17', '1');
INSERT INTO `role_node` VALUES ('17', '7');
INSERT INTO `role_node` VALUES ('17', '28');
INSERT INTO `role_node` VALUES ('17', '29');
INSERT INTO `role_node` VALUES ('17', '30');
INSERT INTO `role_node` VALUES ('17', '31');
INSERT INTO `role_node` VALUES ('17', '32');
INSERT INTO `role_node` VALUES ('17', '33');
INSERT INTO `role_node` VALUES ('17', '8');
INSERT INTO `role_node` VALUES ('17', '34');
INSERT INTO `role_node` VALUES ('17', '35');
INSERT INTO `role_node` VALUES ('17', '36');
INSERT INTO `role_node` VALUES ('17', '37');
INSERT INTO `role_node` VALUES ('17', '38');
INSERT INTO `role_node` VALUES ('17', '39');
INSERT INTO `role_node` VALUES ('17', '40');
INSERT INTO `role_node` VALUES ('17', '41');
INSERT INTO `role_node` VALUES ('17', '42');
INSERT INTO `role_node` VALUES ('17', '227');
INSERT INTO `role_node` VALUES ('17', '228');
INSERT INTO `role_node` VALUES ('17', '233');
INSERT INTO `role_node` VALUES ('17', '229');
INSERT INTO `role_node` VALUES ('17', '230');
INSERT INTO `role_node` VALUES ('17', '231');
INSERT INTO `role_node` VALUES ('17', '232');
INSERT INTO `role_node` VALUES ('17', '218');
INSERT INTO `role_node` VALUES ('17', '221');
INSERT INTO `role_node` VALUES ('17', '223');
INSERT INTO `role_node` VALUES ('17', '224');
INSERT INTO `role_node` VALUES ('17', '222');
INSERT INTO `role_node` VALUES ('17', '220');
INSERT INTO `role_node` VALUES ('17', '219');
INSERT INTO `role_node` VALUES ('17', '201');
INSERT INTO `role_node` VALUES ('17', '212');
INSERT INTO `role_node` VALUES ('17', '213');
INSERT INTO `role_node` VALUES ('17', '214');
INSERT INTO `role_node` VALUES ('17', '215');
INSERT INTO `role_node` VALUES ('17', '216');
INSERT INTO `role_node` VALUES ('17', '217');
INSERT INTO `role_node` VALUES ('17', '11');
INSERT INTO `role_node` VALUES ('17', '54');
INSERT INTO `role_node` VALUES ('17', '55');
INSERT INTO `role_node` VALUES ('17', '56');
INSERT INTO `role_node` VALUES ('17', '57');
INSERT INTO `role_node` VALUES ('17', '58');
INSERT INTO `role_node` VALUES ('17', '59');
INSERT INTO `role_node` VALUES ('17', '60');
INSERT INTO `role_node` VALUES ('17', '61');
INSERT INTO `role_node` VALUES ('17', '62');
INSERT INTO `role_node` VALUES ('17', '63');
INSERT INTO `role_node` VALUES ('17', '64');
INSERT INTO `role_node` VALUES ('17', '65');
INSERT INTO `role_node` VALUES ('17', '66');
INSERT INTO `role_node` VALUES ('17', '67');
INSERT INTO `role_node` VALUES ('17', '68');
INSERT INTO `role_node` VALUES ('17', '69');
INSERT INTO `role_node` VALUES ('17', '70');
INSERT INTO `role_node` VALUES ('17', '71');
INSERT INTO `role_node` VALUES ('17', '72');
INSERT INTO `role_node` VALUES ('17', '73');
INSERT INTO `role_node` VALUES ('17', '74');
INSERT INTO `role_node` VALUES ('17', '204');
INSERT INTO `role_node` VALUES ('17', '205');
INSERT INTO `role_node` VALUES ('17', '19');
INSERT INTO `role_node` VALUES ('17', '146');
INSERT INTO `role_node` VALUES ('17', '147');
INSERT INTO `role_node` VALUES ('17', '148');
INSERT INTO `role_node` VALUES ('17', '149');
INSERT INTO `role_node` VALUES ('17', '150');
INSERT INTO `role_node` VALUES ('17', '151');
INSERT INTO `role_node` VALUES ('17', '152');
INSERT INTO `role_node` VALUES ('17', '153');
INSERT INTO `role_node` VALUES ('17', '154');
INSERT INTO `role_node` VALUES ('17', '155');
INSERT INTO `role_node` VALUES ('17', '156');
INSERT INTO `role_node` VALUES ('17', '157');
INSERT INTO `role_node` VALUES ('17', '158');
INSERT INTO `role_node` VALUES ('17', '159');
INSERT INTO `role_node` VALUES ('17', '160');
INSERT INTO `role_node` VALUES ('17', '161');
INSERT INTO `role_node` VALUES ('12', '1');
INSERT INTO `role_node` VALUES ('12', '7');
INSERT INTO `role_node` VALUES ('12', '28');
INSERT INTO `role_node` VALUES ('12', '29');
INSERT INTO `role_node` VALUES ('12', '30');
INSERT INTO `role_node` VALUES ('12', '31');
INSERT INTO `role_node` VALUES ('12', '32');
INSERT INTO `role_node` VALUES ('12', '33');
INSERT INTO `role_node` VALUES ('12', '8');
INSERT INTO `role_node` VALUES ('12', '34');
INSERT INTO `role_node` VALUES ('12', '35');
INSERT INTO `role_node` VALUES ('12', '36');
INSERT INTO `role_node` VALUES ('12', '37');
INSERT INTO `role_node` VALUES ('12', '38');
INSERT INTO `role_node` VALUES ('12', '39');
INSERT INTO `role_node` VALUES ('12', '40');
INSERT INTO `role_node` VALUES ('12', '41');
INSERT INTO `role_node` VALUES ('12', '42');
INSERT INTO `role_node` VALUES ('12', '227');
INSERT INTO `role_node` VALUES ('12', '228');
INSERT INTO `role_node` VALUES ('12', '233');
INSERT INTO `role_node` VALUES ('12', '229');
INSERT INTO `role_node` VALUES ('12', '230');
INSERT INTO `role_node` VALUES ('12', '231');
INSERT INTO `role_node` VALUES ('12', '232');
INSERT INTO `role_node` VALUES ('12', '218');
INSERT INTO `role_node` VALUES ('12', '221');
INSERT INTO `role_node` VALUES ('12', '223');
INSERT INTO `role_node` VALUES ('12', '224');
INSERT INTO `role_node` VALUES ('12', '222');
INSERT INTO `role_node` VALUES ('12', '220');
INSERT INTO `role_node` VALUES ('12', '219');
INSERT INTO `role_node` VALUES ('12', '201');
INSERT INTO `role_node` VALUES ('12', '212');
INSERT INTO `role_node` VALUES ('12', '213');
INSERT INTO `role_node` VALUES ('12', '214');
INSERT INTO `role_node` VALUES ('12', '215');
INSERT INTO `role_node` VALUES ('12', '216');
INSERT INTO `role_node` VALUES ('12', '217');
INSERT INTO `role_node` VALUES ('12', '11');
INSERT INTO `role_node` VALUES ('12', '54');
INSERT INTO `role_node` VALUES ('12', '55');
INSERT INTO `role_node` VALUES ('12', '56');
INSERT INTO `role_node` VALUES ('12', '57');
INSERT INTO `role_node` VALUES ('12', '58');
INSERT INTO `role_node` VALUES ('12', '59');
INSERT INTO `role_node` VALUES ('12', '60');
INSERT INTO `role_node` VALUES ('12', '61');
INSERT INTO `role_node` VALUES ('12', '62');
INSERT INTO `role_node` VALUES ('12', '63');
INSERT INTO `role_node` VALUES ('12', '64');
INSERT INTO `role_node` VALUES ('12', '65');
INSERT INTO `role_node` VALUES ('12', '66');
INSERT INTO `role_node` VALUES ('12', '67');
INSERT INTO `role_node` VALUES ('12', '68');
INSERT INTO `role_node` VALUES ('12', '69');
INSERT INTO `role_node` VALUES ('12', '70');
INSERT INTO `role_node` VALUES ('12', '71');
INSERT INTO `role_node` VALUES ('12', '72');
INSERT INTO `role_node` VALUES ('12', '73');
INSERT INTO `role_node` VALUES ('12', '74');
INSERT INTO `role_node` VALUES ('12', '204');
INSERT INTO `role_node` VALUES ('12', '205');
INSERT INTO `role_node` VALUES ('12', '19');
INSERT INTO `role_node` VALUES ('12', '146');
INSERT INTO `role_node` VALUES ('12', '147');
INSERT INTO `role_node` VALUES ('12', '148');
INSERT INTO `role_node` VALUES ('12', '149');
INSERT INTO `role_node` VALUES ('12', '150');
INSERT INTO `role_node` VALUES ('12', '151');
INSERT INTO `role_node` VALUES ('12', '152');
INSERT INTO `role_node` VALUES ('12', '153');
INSERT INTO `role_node` VALUES ('12', '154');
INSERT INTO `role_node` VALUES ('12', '155');
INSERT INTO `role_node` VALUES ('12', '156');
INSERT INTO `role_node` VALUES ('12', '157');
INSERT INTO `role_node` VALUES ('12', '158');
INSERT INTO `role_node` VALUES ('12', '159');
INSERT INTO `role_node` VALUES ('12', '160');
INSERT INTO `role_node` VALUES ('12', '161');
INSERT INTO `role_node` VALUES ('13', '1');
INSERT INTO `role_node` VALUES ('13', '7');
INSERT INTO `role_node` VALUES ('13', '28');
INSERT INTO `role_node` VALUES ('13', '29');
INSERT INTO `role_node` VALUES ('13', '30');
INSERT INTO `role_node` VALUES ('13', '31');
INSERT INTO `role_node` VALUES ('13', '32');
INSERT INTO `role_node` VALUES ('13', '33');
INSERT INTO `role_node` VALUES ('13', '8');
INSERT INTO `role_node` VALUES ('13', '34');
INSERT INTO `role_node` VALUES ('13', '35');
INSERT INTO `role_node` VALUES ('13', '36');
INSERT INTO `role_node` VALUES ('13', '37');
INSERT INTO `role_node` VALUES ('13', '38');
INSERT INTO `role_node` VALUES ('13', '39');
INSERT INTO `role_node` VALUES ('13', '40');
INSERT INTO `role_node` VALUES ('13', '41');
INSERT INTO `role_node` VALUES ('13', '42');
INSERT INTO `role_node` VALUES ('13', '227');
INSERT INTO `role_node` VALUES ('13', '228');
INSERT INTO `role_node` VALUES ('13', '233');
INSERT INTO `role_node` VALUES ('13', '229');
INSERT INTO `role_node` VALUES ('13', '230');
INSERT INTO `role_node` VALUES ('13', '231');
INSERT INTO `role_node` VALUES ('13', '232');
INSERT INTO `role_node` VALUES ('13', '218');
INSERT INTO `role_node` VALUES ('13', '221');
INSERT INTO `role_node` VALUES ('13', '223');
INSERT INTO `role_node` VALUES ('13', '224');
INSERT INTO `role_node` VALUES ('13', '222');
INSERT INTO `role_node` VALUES ('13', '220');
INSERT INTO `role_node` VALUES ('13', '219');
INSERT INTO `role_node` VALUES ('13', '201');
INSERT INTO `role_node` VALUES ('13', '212');
INSERT INTO `role_node` VALUES ('13', '213');
INSERT INTO `role_node` VALUES ('13', '214');
INSERT INTO `role_node` VALUES ('13', '215');
INSERT INTO `role_node` VALUES ('13', '216');
INSERT INTO `role_node` VALUES ('13', '217');
INSERT INTO `role_node` VALUES ('13', '11');
INSERT INTO `role_node` VALUES ('13', '54');
INSERT INTO `role_node` VALUES ('13', '55');
INSERT INTO `role_node` VALUES ('13', '56');
INSERT INTO `role_node` VALUES ('13', '57');
INSERT INTO `role_node` VALUES ('13', '58');
INSERT INTO `role_node` VALUES ('13', '59');
INSERT INTO `role_node` VALUES ('13', '60');
INSERT INTO `role_node` VALUES ('13', '61');
INSERT INTO `role_node` VALUES ('13', '62');
INSERT INTO `role_node` VALUES ('13', '63');
INSERT INTO `role_node` VALUES ('13', '64');
INSERT INTO `role_node` VALUES ('13', '65');
INSERT INTO `role_node` VALUES ('13', '66');
INSERT INTO `role_node` VALUES ('13', '67');
INSERT INTO `role_node` VALUES ('13', '68');
INSERT INTO `role_node` VALUES ('13', '69');
INSERT INTO `role_node` VALUES ('13', '70');
INSERT INTO `role_node` VALUES ('13', '71');
INSERT INTO `role_node` VALUES ('13', '72');
INSERT INTO `role_node` VALUES ('13', '73');
INSERT INTO `role_node` VALUES ('13', '74');
INSERT INTO `role_node` VALUES ('13', '204');
INSERT INTO `role_node` VALUES ('13', '205');
INSERT INTO `role_node` VALUES ('13', '19');
INSERT INTO `role_node` VALUES ('13', '146');
INSERT INTO `role_node` VALUES ('13', '147');
INSERT INTO `role_node` VALUES ('13', '148');
INSERT INTO `role_node` VALUES ('13', '149');
INSERT INTO `role_node` VALUES ('13', '150');
INSERT INTO `role_node` VALUES ('13', '151');
INSERT INTO `role_node` VALUES ('13', '152');
INSERT INTO `role_node` VALUES ('13', '153');
INSERT INTO `role_node` VALUES ('13', '154');
INSERT INTO `role_node` VALUES ('13', '155');
INSERT INTO `role_node` VALUES ('13', '156');
INSERT INTO `role_node` VALUES ('13', '157');
INSERT INTO `role_node` VALUES ('13', '158');
INSERT INTO `role_node` VALUES ('13', '159');
INSERT INTO `role_node` VALUES ('13', '160');
INSERT INTO `role_node` VALUES ('13', '161');
INSERT INTO `role_node` VALUES ('4', '2');
INSERT INTO `role_node` VALUES ('4', '18');
INSERT INTO `role_node` VALUES ('4', '130');
INSERT INTO `role_node` VALUES ('4', '131');
INSERT INTO `role_node` VALUES ('4', '132');
INSERT INTO `role_node` VALUES ('4', '133');
INSERT INTO `role_node` VALUES ('4', '134');
INSERT INTO `role_node` VALUES ('4', '135');
INSERT INTO `role_node` VALUES ('4', '136');
INSERT INTO `role_node` VALUES ('4', '137');
INSERT INTO `role_node` VALUES ('4', '138');
INSERT INTO `role_node` VALUES ('4', '139');
INSERT INTO `role_node` VALUES ('4', '140');
INSERT INTO `role_node` VALUES ('4', '141');
INSERT INTO `role_node` VALUES ('4', '142');
INSERT INTO `role_node` VALUES ('4', '143');
INSERT INTO `role_node` VALUES ('4', '144');
INSERT INTO `role_node` VALUES ('4', '145');
INSERT INTO `role_node` VALUES ('15', '2');
INSERT INTO `role_node` VALUES ('15', '18');
INSERT INTO `role_node` VALUES ('15', '130');
INSERT INTO `role_node` VALUES ('15', '131');
INSERT INTO `role_node` VALUES ('15', '132');
INSERT INTO `role_node` VALUES ('15', '133');
INSERT INTO `role_node` VALUES ('15', '134');
INSERT INTO `role_node` VALUES ('15', '135');
INSERT INTO `role_node` VALUES ('15', '136');
INSERT INTO `role_node` VALUES ('15', '137');
INSERT INTO `role_node` VALUES ('15', '138');
INSERT INTO `role_node` VALUES ('15', '139');
INSERT INTO `role_node` VALUES ('15', '140');
INSERT INTO `role_node` VALUES ('15', '141');
INSERT INTO `role_node` VALUES ('15', '142');
INSERT INTO `role_node` VALUES ('15', '143');
INSERT INTO `role_node` VALUES ('15', '144');
INSERT INTO `role_node` VALUES ('15', '145');
